{
  "total_training_hours": 1.9669532775878907e-08,
  "data_collected": 625,
  "models_trained": 7,
  "accuracy_improvements": 7,
  "last_training_time": "2025-06-28T00:07:18.354582",
  "current_accuracy": 0.03579106520882287,
  "learning_rate": 0.001,
  "batch_size": 32
}