{
  "total_training_hours": 0.0,
  "data_collected": 573,
  "models_trained": 4,
  "accuracy_improvements": 4,
  "last_training_time": "2025-06-28T00:01:40.779785",
  "current_accuracy": 0.1980282790355588,
  "learning_rate": 0.0010500000000000002,
  "batch_size": 32,
  "uptime_minutes": 36
}