{
  "total_training_hours": 0.0,
  "data_collected": 2956,
  "models_trained": 17,
  "accuracy_improvements": 17,
  "last_training_time": "2025-06-28T02:44:31.661734",
  "current_accuracy": 0.9663796624290035,
  "learning_rate": 0.0006889050000000002,
  "batch_size": 32,
  "uptime_minutes": 134
}