{
  "val_loss": 1.8333578201702667,
  "global_step": 0,
  "timestamp": "2025-06-27T22:58:12.483493"
}