{
  "total_training_hours": 1.3377931382921007e-08,
  "data_collected": 369,
  "models_trained": 5,
  "accuracy_improvements": 5,
  "last_training_time": "2025-06-27T23:55:57.996232",
  "current_accuracy": 0.03146173762216959,
  "learning_rate": 0.001,
  "batch_size": 32
}