{
  "total_training_hours": 1.629193623860677e-08,
  "data_collected": 539,
  "models_trained": 5,
  "accuracy_improvements": 5,
  "last_training_time": "2025-06-27T23:50:43.425006",
  "current_accuracy": 0.03571508807764247,
  "learning_rate": 0.001,
  "batch_size": 32
}