{
  "total_training_hours": 1.708666483561198e-08,
  "data_collected": 625,
  "models_trained": 6,
  "accuracy_improvements": 6,
  "last_training_time": "2025-06-27T23:56:48.561629",
  "current_accuracy": 0.03153369951293081,
  "learning_rate": 0.001,
  "batch_size": 32
}