{
  "total_training_hours": 1.5960799323187934e-08,
  "data_collected": 644,
  "models_trained": 6,
  "accuracy_improvements": 6,
  "last_training_time": "2025-06-27T23:55:52.531963",
  "current_accuracy": 0.03871974160709512,
  "learning_rate": 0.001,
  "batch_size": 32
}